Target,Filename
Happy,sound_1454.wav
Happy,sound_859.wav
Sad,sound_1744.wav
Sad,sound_1472.wav
Happy,sound_1512.wav
Sad,sound_1766.wav
Sad,sound_564.wav
Sad,sound_646.wav
Sad,sound_234.wav
Sad,sound_873.wav
Sad,sound_1432.wav
Sad,sound_1809.wav
Sad,sound_1489.wav
Sad,sound_292.wav
Sad,sound_144.wav
Happy,sound_806.wav
Sad,sound_733.wav
Sad,sound_241.wav
Sad,sound_1552.wav
Sad,sound_1435.wav
Sad,sound_1697.wav
Sad,sound_91.wav
Sad,sound_1729.wav
Sad,sound_362.wav
Sad,sound_371.wav
Sad,sound_495.wav
Happy,sound_656.wav
Sad,sound_804.wav
Sad,sound_799.wav
Happy,sound_1866.wav
Sad,sound_20.wav
Sad,sound_1238.wav
Sad,sound_109.wav
Sad,sound_1817.wav
Happy,sound_739.wav
Sad,sound_268.wav
Happy,sound_1816.wav
Happy,sound_655.wav
Sad,sound_860.wav
Happy,sound_1017.wav
Happy,sound_968.wav
Happy,sound_700.wav
Happy,sound_890.wav
Sad,sound_30.wav
Happy,sound_143.wav
Sad,sound_270.wav
Sad,sound_1471.wav
Happy,sound_1531.wav
Happy,sound_1403.wav
Sad,sound_791.wav
Happy,sound_391.wav
Sad,sound_604.wav
Happy,sound_816.wav
Happy,sound_749.wav
Happy,sound_898.wav
Happy,sound_1076.wav
Sad,sound_1252.wav
Happy,sound_1071.wav
Sad,sound_1141.wav
Happy,sound_473.wav
Sad,sound_822.wav
Happy,sound_765.wav
Happy,sound_442.wav
Happy,sound_1327.wav
Happy,sound_682.wav
Sad,sound_1034.wav
Happy,sound_1151.wav
Happy,sound_367.wav
Sad,sound_1637.wav
Happy,sound_1680.wav
Sad,sound_1111.wav
Happy,sound_146.wav
Happy,sound_491.wav
Sad,sound_1537.wav
Sad,sound_540.wav
Happy,sound_543.wav
Happy,sound_34.wav
Happy,sound_1334.wav
Sad,sound_837.wav
Happy,sound_897.wav
Sad,sound_1623.wav
Sad,sound_70.wav
Happy,sound_1545.wav
Happy,sound_1786.wav
Happy,sound_1861.wav
Happy,sound_1520.wav
Sad,sound_823.wav
Sad,sound_610.wav
Sad,sound_1482.wav
Happy,sound_461.wav
Happy,sound_889.wav
Sad,sound_1655.wav
Happy,sound_1737.wav
Happy,sound_1478.wav
Sad,sound_1357.wav
Happy,sound_38.wav
Sad,sound_110.wav
Happy,sound_1536.wav
Happy,sound_1390.wav
Happy,sound_61.wav
Sad,sound_113.wav
Happy,sound_1349.wav
Happy,sound_1058.wav
Sad,sound_184.wav
Sad,sound_114.wav
Sad,sound_511.wav
Sad,sound_892.wav
Happy,sound_723.wav
Sad,sound_1028.wav
Happy,sound_1587.wav
Happy,sound_181.wav
Sad,sound_795.wav
Sad,sound_554.wav
Happy,sound_253.wav
Sad,sound_831.wav
Sad,sound_1495.wav
Sad,sound_1339.wav
Happy,sound_1012.wav
Sad,sound_853.wav
Happy,sound_322.wav
Sad,sound_570.wav
Happy,sound_1005.wav
Sad,sound_1063.wav
Sad,sound_18.wav
Sad,sound_1061.wav
Sad,sound_152.wav
Happy,sound_901.wav
Sad,sound_975.wav
Sad,sound_594.wav
Happy,sound_81.wav
Sad,sound_1092.wav
Sad,sound_1285.wav
Sad,sound_940.wav
Sad,sound_251.wav
Happy,sound_1557.wav
Sad,sound_1707.wav
Sad,sound_1120.wav
Sad,sound_894.wav
Happy,sound_329.wav
Happy,sound_710.wav
Happy,sound_764.wav
Happy,sound_1425.wav
Sad,sound_111.wav
Happy,sound_829.wav
Happy,sound_1764.wav
Happy,sound_826.wav
Sad,sound_1089.wav
Happy,sound_514.wav
Happy,sound_1464.wav
Happy,sound_1308.wav
Sad,sound_1377.wav
Happy,sound_275.wav
Sad,sound_1620.wav
Sad,sound_76.wav
Happy,sound_1415.wav
Happy,sound_1859.wav
Sad,sound_1768.wav
Sad,sound_1359.wav
Happy,sound_412.wav
Sad,sound_459.wav
Sad,sound_1045.wav
Sad,sound_808.wav
Sad,sound_950.wav
Sad,sound_1416.wav
Sad,sound_460.wav
Happy,sound_1452.wav
Happy,sound_532.wav
Sad,sound_1735.wav
Sad,sound_1626.wav
Sad,sound_620.wav
Sad,sound_738.wav
Sad,sound_1562.wav
Sad,sound_884.wav
Sad,sound_120.wav
Sad,sound_1337.wav
Sad,sound_1593.wav
Happy,sound_917.wav
Sad,sound_1643.wav
Sad,sound_1277.wav
Happy,sound_1114.wav
Sad,sound_148.wav
Sad,sound_1325.wav
Happy,sound_1428.wav
Sad,sound_149.wav
Happy,sound_1505.wav
Sad,sound_1091.wav
Sad,sound_531.wav
Sad,sound_427.wav
Sad,sound_481.wav
Happy,sound_586.wav
Sad,sound_577.wav
Happy,sound_1506.wav
Happy,sound_686.wav
Sad,sound_899.wav
Happy,sound_135.wav
Happy,sound_1129.wav
Sad,sound_365.wav
Happy,sound_432.wav
Happy,sound_520.wav
Sad,sound_693.wav
Sad,sound_1755.wav
Happy,sound_1640.wav
Sad,sound_1125.wav
Happy,sound_207.wav
Happy,sound_748.wav
Sad,sound_1202.wav
Happy,sound_282.wav
Happy,sound_384.wav
Sad,sound_1021.wav
Happy,sound_627.wav
Happy,sound_182.wav
Sad,sound_1822.wav
Sad,sound_813.wav
Happy,sound_920.wav
Sad,sound_712.wav
Happy,sound_1438.wav
Happy,sound_158.wav
Happy,sound_1650.wav
Sad,sound_687.wav
Sad,sound_1160.wav
Sad,sound_981.wav
Sad,sound_1535.wav
Happy,sound_871.wav
Sad,sound_1460.wav
Sad,sound_922.wav
Happy,sound_321.wav
Happy,sound_650.wav
Sad,sound_1340.wav
Sad,sound_288.wav
Happy,sound_507.wav
Sad,sound_97.wav
Happy,sound_1847.wav
Happy,sound_73.wav
Sad,sound_1368.wav
Happy,sound_840.wav
Happy,sound_1270.wav
Sad,sound_1479.wav
Sad,sound_1613.wav
Sad,sound_534.wav
Sad,sound_301.wav
Happy,sound_1027.wav
Happy,sound_1843.wav
Happy,sound_1546.wav
Happy,sound_1579.wav
Happy,sound_1085.wav
Happy,sound_653.wav
Sad,sound_1316.wav
Happy,sound_1868.wav
Happy,sound_1161.wav
Happy,sound_141.wav
Happy,sound_387.wav
Sad,sound_556.wav
Sad,sound_1011.wav
Happy,sound_353.wav
Sad,sound_469.wav
Sad,sound_1307.wav
Sad,sound_159.wav
Sad,sound_909.wav
Happy,sound_1165.wav
Sad,sound_404.wav
Happy,sound_1731.wav
Sad,sound_642.wav
Sad,sound_1041.wav
Happy,sound_443.wav
Happy,sound_1015.wav
Happy,sound_1385.wav
Sad,sound_1052.wav
Happy,sound_1035.wav
Sad,sound_888.wav
Sad,sound_1870.wav
Sad,sound_303.wav
Sad,sound_325.wav
Sad,sound_519.wav
Happy,sound_1470.wav
Sad,sound_462.wav
Sad,sound_997.wav
Happy,sound_1409.wav
Sad,sound_1614.wav
Sad,sound_494.wav
Sad,sound_486.wav
Sad,sound_1597.wav
Sad,sound_1019.wav
Happy,sound_1590.wav
Sad,sound_1230.wav
Sad,sound_841.wav
Sad,sound_953.wav
Sad,sound_232.wav
Happy,sound_1292.wav
Happy,sound_1170.wav
Sad,sound_474.wav
Sad,sound_731.wav
Happy,sound_1635.wav
Sad,sound_450.wav
Sad,sound_6.wav
Sad,sound_785.wav
Sad,sound_1183.wav
Happy,sound_1783.wav
Sad,sound_1547.wav
Happy,sound_1568.wav
Happy,sound_300.wav
Sad,sound_1605.wav
Happy,sound_1588.wav
Happy,sound_335.wav
Happy,sound_93.wav
Sad,sound_780.wav
Sad,sound_1241.wav
Sad,sound_828.wav
Happy,sound_1311.wav
Happy,sound_938.wav
Sad,sound_1057.wav
Sad,sound_1073.wav
Happy,sound_192.wav
Sad,sound_869.wav
Happy,sound_31.wav
Happy,sound_15.wav
Sad,sound_1066.wav
Happy,sound_867.wav
Happy,sound_600.wav
Happy,sound_1641.wav
Sad,sound_1072.wav
Happy,sound_1838.wav
Sad,sound_13.wav
Sad,sound_1255.wav
Happy,sound_1208.wav
Sad,sound_592.wav
Happy,sound_777.wav
Happy,sound_248.wav
Sad,sound_1530.wav
Happy,sound_208.wav
Happy,sound_1118.wav
Happy,sound_529.wav
Sad,sound_1109.wav
Sad,sound_1413.wav
Sad,sound_809.wav
Happy,sound_219.wav
Sad,sound_1137.wav
Sad,sound_624.wav
Sad,sound_33.wav
Sad,sound_414.wav
Happy,sound_1181.wav
Sad,sound_1450.wav
Sad,sound_1206.wav
Happy,sound_1727.wav
Sad,sound_1221.wav
Sad,sound_1284.wav
Sad,sound_1064.wav
Sad,sound_1638.wav
Happy,sound_727.wav
Sad,sound_1474.wav
Happy,sound_879.wav
Happy,sound_1475.wav
Sad,sound_1493.wav
Happy,sound_16.wav
Happy,sound_1090.wav
Sad,sound_821.wav
Happy,sound_47.wav
Sad,sound_1837.wav
Sad,sound_906.wav
Happy,sound_569.wav
Happy,sound_261.wav
Sad,sound_1376.wav
Sad,sound_615.wav
Sad,sound_153.wav
Sad,sound_1392.wav
Sad,sound_697.wav
Sad,sound_104.wav
Sad,sound_373.wav
Happy,sound_1361.wav
Happy,sound_505.wav
Sad,sound_1676.wav
Sad,sound_674.wav
Sad,sound_1059.wav
Happy,sound_737.wav
Happy,sound_957.wav
Sad,sound_403.wav
Happy,sound_1268.wav
Sad,sound_1402.wav
Happy,sound_1603.wav
Happy,sound_508.wav
Happy,sound_793.wav
Sad,sound_783.wav
Sad,sound_1004.wav
Sad,sound_187.wav
Sad,sound_728.wav
Happy,sound_1423.wav
Sad,sound_973.wav
Happy,sound_198.wav
Sad,sound_281.wav
Happy,sound_1269.wav
Sad,sound_882.wav
Sad,sound_1328.wav
Sad,sound_1668.wav
Happy,sound_1571.wav
Sad,sound_1805.wav
Happy,sound_1184.wav
Happy,sound_339.wav
Happy,sound_1237.wav
Sad,sound_42.wav
Sad,sound_994.wav
Happy,sound_750.wav
Happy,sound_1106.wav
Sad,sound_496.wav
Sad,sound_1295.wav
Happy,sound_378.wav
Sad,sound_724.wav
Happy,sound_1079.wav
Sad,sound_318.wav
Sad,sound_1404.wav
Happy,sound_1574.wav
Happy,sound_530.wav
Happy,sound_142.wav
Happy,sound_1829.wav
Happy,sound_936.wav
Sad,sound_1426.wav
Happy,sound_1539.wav
Sad,sound_788.wav
Happy,sound_280.wav
Happy,sound_1856.wav
Sad,sound_319.wav
Sad,sound_563.wav
Sad,sound_533.wav
Happy,sound_726.wav
Happy,sound_286.wav
Sad,sound_606.wav
Happy,sound_955.wav
Sad,sound_1138.wav
Happy,sound_1398.wav
Sad,sound_379.wav
Happy,sound_1658.wav
Happy,sound_915.wav
Sad,sound_1130.wav
Sad,sound_1322.wav
Happy,sound_926.wav
Happy,sound_824.wav
Happy,sound_847.wav
Sad,sound_991.wav
Happy,sound_156.wav
Sad,sound_214.wav
Sad,sound_1420.wav
Sad,sound_1016.wav
Sad,sound_1572.wav
Sad,sound_1801.wav
Happy,sound_644.wav
Sad,sound_1522.wav
Sad,sound_1675.wav
Sad,sound_106.wav
Happy,sound_614.wav
Sad,sound_1134.wav
Happy,sound_1122.wav
Sad,sound_807.wav
Sad,sound_240.wav
Sad,sound_1779.wav
Sad,sound_1303.wav
Happy,sound_948.wav
Happy,sound_878.wav
Happy,sound_130.wav
Happy,sound_370.wav
Sad,sound_1169.wav
Sad,sound_1761.wav
Sad,sound_982.wav
Sad,sound_657.wav
Sad,sound_1399.wav
Happy,sound_634.wav
Sad,sound_7.wav
Sad,sound_843.wav
Happy,sound_121.wav
Sad,sound_1275.wav
Happy,sound_544.wav
Sad,sound_1023.wav
Sad,sound_64.wav
Happy,sound_338.wav
Happy,sound_1248.wav
Happy,sound_872.wav
Sad,sound_1830.wav
Happy,sound_561.wav
Happy,sound_1136.wav
Happy,sound_1387.wav
Happy,sound_1205.wav
Happy,sound_1352.wav
Sad,sound_1739.wav
Sad,sound_1212.wav
Happy,sound_17.wav
Sad,sound_28.wav
Sad,sound_555.wav
Sad,sound_140.wav
Happy,sound_272.wav
Sad,sound_489.wav
Happy,sound_276.wav
Happy,sound_575.wav
Sad,sound_584.wav
Sad,sound_477.wav
Sad,sound_1862.wav
Happy,sound_956.wav
Happy,sound_1580.wav
Sad,sound_1595.wav
Sad,sound_134.wav
Sad,sound_778.wav
Sad,sound_122.wav
Happy,sound_1833.wav
Happy,sound_331.wav
Happy,sound_842.wav
Happy,sound_1850.wav
Happy,sound_53.wav
Sad,sound_801.wav
Happy,sound_99.wav
Happy,sound_970.wav
Sad,sound_1659.wav
Happy,sound_1093.wav
Happy,sound_1810.wav
Sad,sound_445.wav
Happy,sound_1819.wav
Sad,sound_398.wav
Happy,sound_1296.wav
Sad,sound_419.wav
Sad,sound_1857.wav
Happy,sound_1010.wav
Happy,sound_1037.wav
Sad,sound_1401.wav
Happy,sound_951.wav
Sad,sound_972.wav
Happy,sound_1081.wav
Happy,sound_45.wav
Sad,sound_1431.wav
Happy,sound_1706.wav
Sad,sound_1444.wav
Happy,sound_1299.wav
Sad,sound_794.wav
Sad,sound_1704.wav
Sad,sound_1610.wav
Sad,sound_341.wav
Happy,sound_536.wav
Sad,sound_1510.wav
Sad,sound_978.wav
Sad,sound_1102.wav
Happy,sound_589.wav
Happy,sound_464.wav
Sad,sound_1280.wav
Sad,sound_864.wav
Sad,sound_666.wav
Happy,sound_43.wav
Happy,sound_401.wav
Happy,sound_229.wav
Sad,sound_380.wav
Happy,sound_1211.wav
Happy,sound_814.wav
Happy,sound_857.wav
Happy,sound_1748.wav
Sad,sound_1615.wav
Sad,sound_760.wav
Sad,sound_136.wav
Sad,sound_752.wav
Sad,sound_1157.wav
Happy,sound_632.wav
Happy,sound_858.wav
Sad,sound_688.wav
Sad,sound_88.wav
Happy,sound_1814.wav
Sad,sound_357.wav
Sad,sound_484.wav
Sad,sound_1209.wav
Sad,sound_1720.wav
Happy,sound_1789.wav
Happy,sound_24.wav
Sad,sound_269.wav
Sad,sound_171.wav
Happy,sound_1657.wav
Happy,sound_1033.wav
Happy,sound_1559.wav
Sad,sound_1007.wav
Happy,sound_1245.wav
Happy,sound_98.wav
Sad,sound_1692.wav
Happy,sound_1513.wav
Happy,sound_1511.wav
Happy,sound_1417.wav
Happy,sound_343.wav
Sad,sound_361.wav
Sad,sound_677.wav
Sad,sound_1371.wav
Happy,sound_1107.wav
Sad,sound_1629.wav
Sad,sound_931.wav
Happy,sound_1709.wav
Happy,sound_581.wav
Sad,sound_364.wav
Happy,sound_1365.wav
Happy,sound_175.wav
Happy,sound_425.wav
Sad,sound_247.wav
Happy,sound_41.wav
Sad,sound_629.wav
Happy,sound_1691.wav
Happy,sound_1636.wav
Happy,sound_1529.wav
Happy,sound_559.wav
Happy,sound_116.wav
Happy,sound_846.wav
Sad,sound_1378.wav
Sad,sound_312.wav
Happy,sound_933.wav
Happy,sound_835.wav
Sad,sound_1487.wav
Sad,sound_1022.wav
Happy,sound_1389.wav
Happy,sound_160.wav
Happy,sound_1000.wav
Happy,sound_937.wav
Happy,sound_302.wav
Happy,sound_1242.wav
Happy,sound_1288.wav
Happy,sound_25.wav
Sad,sound_4.wav
Sad,sound_1852.wav
Happy,sound_252.wav
Happy,sound_217.wav
Happy,sound_1488.wav
Happy,sound_1468.wav
Sad,sound_1003.wav
Happy,sound_925.wav
Happy,sound_1757.wav
Sad,sound_1451.wav
Sad,sound_183.wav
Sad,sound_979.wav
Sad,sound_169.wav
Sad,sound_468.wav
Sad,sound_1564.wav
Happy,sound_1126.wav
Sad,sound_347.wav
Happy,sound_1030.wav
Happy,sound_870.wav
Happy,sound_1140.wav
Happy,sound_1433.wav
Sad,sound_1355.wav
Sad,sound_483.wav
Sad,sound_119.wav
Happy,sound_1869.wav
Sad,sound_850.wav
Sad,sound_1524.wav
Happy,sound_1414.wav
Happy,sound_415.wav
Happy,sound_1192.wav
Happy,sound_694.wav
Happy,sound_390.wav
Sad,sound_166.wav
Happy,sound_1383.wav
Happy,sound_525.wav
Sad,sound_960.wav
Sad,sound_1653.wav
Sad,sound_1054.wav
Sad,sound_1851.wav
Happy,sound_1705.wav
Sad,sound_1422.wav
Happy,sound_1799.wav
Sad,sound_1485.wav
Sad,sound_314.wav
Happy,sound_1618.wav
Happy,sound_1173.wav
Sad,sound_1338.wav
Happy,sound_1648.wav
Sad,sound_1509.wav
Sad,sound_881.wav
Sad,sound_1347.wav
Sad,sound_385.wav
Sad,sound_768.wav
Happy,sound_224.wav
Sad,sound_636.wav
Happy,sound_701.wav
Sad,sound_290.wav
Happy,sound_1239.wav
Sad,sound_429.wav
Happy,sound_354.wav
Sad,sound_654.wav
Sad,sound_1499.wav
Sad,sound_673.wav
Sad,sound_1718.wav
Sad,sound_226.wav
Sad,sound_802.wav
Happy,sound_905.wav
Happy,sound_1594.wav
Sad,sound_3.wav
Sad,sound_1769.wav
Sad,sound_1508.wav
Sad,sound_628.wav
Happy,sound_139.wav
Sad,sound_1555.wav
Sad,sound_1621.wav
Happy,sound_1598.wav
Sad,sound_1215.wav
Sad,sound_488.wav
Sad,sound_1375.wav
Happy,sound_1048.wav
Happy,sound_497.wav
Sad,sound_127.wav
Happy,sound_1721.wav
Sad,sound_310.wav
Sad,sound_1400.wav
Sad,sound_722.wav
Sad,sound_1039.wav
Happy,sound_80.wav
Happy,sound_128.wav
Sad,sound_1250.wav
Sad,sound_1216.wav
Happy,sound_1006.wav
Happy,sound_676.wav
Sad,sound_1561.wav
Happy,sound_546.wav
Happy,sound_420.wav
Sad,sound_189.wav
Happy,sound_572.wav
Sad,sound_1412.wav
Sad,sound_1616.wav
Sad,sound_1762.wav
Happy,sound_800.wav
Happy,sound_366.wav
Sad,sound_1581.wav
Sad,sound_342.wav
Happy,sound_49.wav
Sad,sound_1177.wav
Sad,sound_1818.wav
Sad,sound_1353.wav
Sad,sound_1797.wav
Happy,sound_1467.wav
Happy,sound_571.wav
Happy,sound_607.wav
Happy,sound_1604.wav
Happy,sound_1323.wav
Happy,sound_914.wav
Happy,sound_1776.wav
Happy,sound_1345.wav
Happy,sound_1760.wav
Happy,sound_399.wav
Sad,sound_557.wav
Sad,sound_1649.wav
Happy,sound_173.wav
Happy,sound_784.wav
Sad,sound_1811.wav
Happy,sound_1115.wav
Sad,sound_1179.wav
Happy,sound_553.wav
Sad,sound_1326.wav
Happy,sound_1025.wav
Happy,sound_1370.wav
Sad,sound_62.wav
Happy,sound_220.wav
Sad,sound_1243.wav
Sad,sound_1646.wav
Sad,sound_283.wav
Happy,sound_360.wav
Happy,sound_54.wav
Happy,sound_1500.wav
Happy,sound_478.wav
Sad,sound_1407.wav
Sad,sound_762.wav
Happy,sound_446.wav
Sad,sound_944.wav
Sad,sound_886.wav
Sad,sound_685.wav
Happy,sound_69.wav
Sad,sound_52.wav
Sad,sound_1240.wav
Sad,sound_630.wav
Sad,sound_526.wav
Happy,sound_1853.wav
Sad,sound_707.wav
Happy,sound_470.wav
Sad,sound_1013.wav
Happy,sound_430.wav
Happy,sound_868.wav
Sad,sound_891.wav
Sad,sound_221.wav
Happy,sound_1600.wav
Sad,sound_394.wav
Happy,sound_885.wav
Sad,sound_344.wav
Sad,sound_517.wav
Sad,sound_79.wav
Sad,sound_1098.wav
Happy,sound_1053.wav
Sad,sound_961.wav
Happy,sound_815.wav
Happy,sound_904.wav
Sad,sound_299.wav
Happy,sound_39.wav
Happy,sound_883.wav
Sad,sound_1596.wav
Sad,sound_591.wav
Sad,sound_326.wav
Sad,sound_1281.wav
Sad,sound_1722.wav
Sad,sound_876.wav
Sad,sound_1673.wav
Sad,sound_1607.wav
Sad,sound_1201.wav
Happy,sound_1099.wav
Sad,sound_1686.wav
Sad,sound_916.wav
Sad,sound_162.wav
Happy,sound_908.wav
Sad,sound_1434.wav
Sad,sound_1446.wav
Sad,sound_1044.wav
Sad,sound_333.wav
Happy,sound_108.wav
Sad,sound_551.wav
Happy,sound_613.wav
Sad,sound_602.wav
Happy,sound_74.wav
Sad,sound_767.wav
Sad,sound_625.wav
Happy,sound_706.wav
Sad,sound_1549.wav
Happy,sound_245.wav
Sad,sound_210.wav
Happy,sound_1225.wav
Sad,sound_1486.wav
Sad,sound_337.wav
Happy,sound_1187.wav
Sad,sound_476.wav
Sad,sound_1218.wav
Sad,sound_1236.wav
Sad,sound_608.wav
Sad,sound_854.wav
Happy,sound_773.wav
Happy,sound_92.wav
Happy,sound_1790.wav
Sad,sound_230.wav
Sad,sound_1753.wav
Sad,sound_296.wav
Sad,sound_1227.wav
Sad,sound_1266.wav
Sad,sound_447.wav
Sad,sound_848.wav
Sad,sound_1747.wav
Happy,sound_433.wav
Sad,sound_273.wav
Happy,sound_1020.wav
Happy,sound_1405.wav
Happy,sound_1844.wav
Sad,sound_60.wav
Sad,sound_769.wav
Sad,sound_1741.wav
Sad,sound_1068.wav
Happy,sound_147.wav
Sad,sound_720.wav
Sad,sound_1418.wav
Happy,sound_239.wav
Happy,sound_1119.wav
Happy,sound_100.wav
Happy,sound_844.wav
Happy,sound_1199.wav
Happy,sound_1080.wav
Sad,sound_1867.wav
Happy,sound_1384.wav
Sad,sound_1313.wav
Happy,sound_0.wav
Sad,sound_1589.wav
Sad,sound_1279.wav
Happy,sound_705.wav
Happy,sound_1519.wav
Sad,sound_611.wav
Happy,sound_590.wav
Sad,sound_250.wav
Sad,sound_1026.wav
Sad,sound_1176.wav
Happy,sound_1585.wav
Sad,sound_313.wav
Sad,sound_1563.wav
Sad,sound_1274.wav
Happy,sound_1291.wav
Sad,sound_55.wav
Sad,sound_663.wav
Sad,sound_422.wav
Sad,sound_19.wav
Sad,sound_306.wav
Happy,sound_1682.wav
Sad,sound_1527.wav
Sad,sound_523.wav
Sad,sound_480.wav
Sad,sound_538.wav
Happy,sound_1356.wav
Sad,sound_753.wav
Sad,sound_428.wav
Sad,sound_913.wav
Sad,sound_1233.wav
Sad,sound_407.wav
Sad,sound_711.wav
Sad,sound_959.wav
Happy,sound_352.wav
Sad,sound_1795.wav
Happy,sound_601.wav
Happy,sound_77.wav
Happy,sound_1774.wav
Happy,sound_44.wav
Happy,sound_255.wav
Happy,sound_1642.wav
Sad,sound_903.wav
Sad,sound_1121.wav
Sad,sound_382.wav
Sad,sound_1380.wav
Happy,sound_995.wav
Sad,sound_1198.wav
Happy,sound_289.wav
Sad,sound_1317.wav
Sad,sound_195.wav
Happy,sound_974.wav
Sad,sound_1148.wav
Sad,sound_1309.wav
Sad,sound_1738.wav
Sad,sound_355.wav
Sad,sound_639.wav
Sad,sound_1619.wav
Sad,sound_1492.wav
Happy,sound_1214.wav
Happy,sound_1105.wav
Sad,sound_626.wav
Happy,sound_1293.wav
Sad,sound_1694.wav
Happy,sound_1391.wav
Happy,sound_1628.wav
Sad,sound_174.wav
Sad,sound_21.wav
Sad,sound_672.wav
Happy,sound_413.wav
Happy,sound_1273.wav
Sad,sound_1332.wav
Sad,sound_797.wav
Happy,sound_597.wav
Sad,sound_1358.wav
Happy,sound_1207.wav
Happy,sound_458.wav
Happy,sound_875.wav
Happy,sound_1573.wav
Sad,sound_573.wav
Sad,sound_190.wav
Sad,sound_565.wav
Sad,sound_472.wav
Sad,sound_243.wav
Happy,sound_527.wav
Sad,sound_213.wav
Sad,sound_1300.wav
Happy,sound_1018.wav
Sad,sound_535.wav
Sad,sound_1086.wav
Sad,sound_1554.wav
Sad,sound_1465.wav
Sad,sound_1144.wav
Sad,sound_1660.wav
Sad,sound_820.wav
Sad,sound_372.wav
Happy,sound_1457.wav
Sad,sound_304.wav
Happy,sound_990.wav
Sad,sound_819.wav
Happy,sound_715.wav
Happy,sound_977.wav
Sad,sound_1667.wav
Sad,sound_1666.wav
Happy,sound_185.wav
Sad,sound_1228.wav
Happy,sound_1395.wav
Sad,sound_228.wav
Happy,sound_1756.wav
Happy,sound_1346.wav
Sad,sound_1155.wav
Sad,sound_188.wav
Sad,sound_1182.wav
Sad,sound_1835.wav
Sad,sound_1278.wav
Happy,sound_1798.wav
Happy,sound_1116.wav
Sad,sound_1477.wav
Happy,sound_216.wav
Sad,sound_1153.wav
Sad,sound_1540.wav
Happy,sound_1197.wav
Sad,sound_1168.wav
Sad,sound_825.wav
Sad,sound_1794.wav
Sad,sound_193.wav
Sad,sound_1231.wav
Sad,sound_327.wav
Happy,sound_796.wav
Sad,sound_1824.wav
Sad,sound_976.wav
Happy,sound_1363.wav
Happy,sound_1767.wav
Sad,sound_1688.wav
Happy,sound_393.wav
Happy,sound_1677.wav
Sad,sound_895.wav
Happy,sound_1807.wav
Happy,sound_274.wav
Sad,sound_485.wav
Sad,sound_117.wav
Sad,sound_670.wav
Sad,sound_1699.wav
Happy,sound_315.wav
Sad,sound_1466.wav
Happy,sound_941.wav
Happy,sound_759.wav
Sad,sound_170.wav
Happy,sound_1740.wav
Sad,sound_1671.wav
Sad,sound_1219.wav
Happy,sound_1164.wav
Happy,sound_1813.wav
Sad,sound_637.wav
Sad,sound_1834.wav
Sad,sound_1101.wav
Sad,sound_1865.wav
Happy,sound_929.wav
Happy,sound_482.wav
Happy,sound_424.wav
Sad,sound_123.wav
Happy,sound_431.wav
Sad,sound_225.wav
Sad,sound_1784.wav
Sad,sound_1826.wav
Happy,sound_545.wav
Happy,sound_1541.wav
Sad,sound_167.wav
Sad,sound_490.wav
Happy,sound_1871.wav
Happy,sound_1373.wav
Happy,sound_1458.wav
Happy,sound_138.wav
Sad,sound_696.wav
Happy,sound_244.wav
Happy,sound_421.wav
Sad,sound_690.wav
Happy,sound_1062.wav
Happy,sound_928.wav
Happy,sound_1124.wav
Sad,sound_351.wav
Sad,sound_735.wav
Sad,sound_1193.wav
Sad,sound_1393.wav
Happy,sound_1566.wav
Sad,sound_1778.wav
Sad,sound_328.wav
Happy,sound_260.wav
Sad,sound_1734.wav
Happy,sound_1551.wav
Sad,sound_845.wav
Happy,sound_1110.wav
Happy,sound_408.wav
Sad,sound_1276.wav
Happy,sound_692.wav
Sad,sound_1408.wav
Happy,sound_1002.wav
Happy,sound_708.wav
Happy,sound_1051.wav
Sad,sound_1456.wav
Sad,sound_993.wav
Happy,sound_194.wav
Happy,sound_754.wav
Happy,sound_1606.wav
Happy,sound_542.wav
Sad,sound_1286.wav
Sad,sound_578.wav
Sad,sound_1374.wav
Sad,sound_593.wav
Sad,sound_1321.wav
Sad,sound_1849.wav
Happy,sound_1681.wav
Happy,sound_176.wav
Sad,sound_1678.wav
Happy,sound_509.wav
Happy,sound_587.wav
Sad,sound_618.wav
Sad,sound_1787.wav
Sad,sound_1167.wav
Sad,sound_758.wav
Happy,sound_1379.wav
Sad,sound_1570.wav
Happy,sound_8.wav
Happy,sound_1329.wav
Sad,sound_893.wav
Happy,sound_1220.wav
Sad,sound_695.wav
Sad,sound_1150.wav
Sad,sound_1689.wav
Sad,sound_798.wav
Happy,sound_522.wav
Happy,sound_1050.wav
Sad,sound_1502.wav
Sad,sound_547.wav
Happy,sound_1132.wav
Happy,sound_1117.wav
Sad,sound_82.wav
Sad,sound_1222.wav
Happy,sound_1264.wav
Happy,sound_1785.wav
Sad,sound_1716.wav
Happy,sound_236.wav
Happy,sound_603.wav
Sad,sound_579.wav
Happy,sound_1558.wav
Happy,sound_1282.wav
Happy,sound_400.wav
Happy,sound_818.wav
Sad,sound_1808.wav
Sad,sound_638.wav
Sad,sound_448.wav
Sad,sound_927.wav
Sad,sound_449.wav
Sad,sound_396.wav
Happy,sound_1258.wav
Sad,sound_1304.wav
Happy,sound_1394.wav
Happy,sound_1369.wav
Sad,sound_267.wav
Sad,sound_539.wav
Sad,sound_350.wav
Sad,sound_865.wav
Sad,sound_129.wav
Happy,sound_1504.wav
Sad,sound_999.wav
Sad,sound_1087.wav
Happy,sound_983.wav
Sad,sound_911.wav
Happy,sound_1364.wav
Happy,sound_89.wav
Happy,sound_667.wav
Sad,sound_386.wav
Sad,sound_1253.wav
Sad,sound_1583.wav
Sad,sound_72.wav
Happy,sound_939.wav
Happy,sound_834.wav
Sad,sound_12.wav
Sad,sound_349.wav
Happy,sound_1043.wav
Happy,sound_1382.wav
Happy,sound_212.wav
Sad,sound_1611.wav
Happy,sound_1724.wav
Sad,sound_1100.wav
Sad,sound_689.wav
Sad,sound_150.wav
Happy,sound_115.wav
Sad,sound_1622.wav
Sad,sound_965.wav
Sad,sound_1095.wav
Happy,sound_1662.wav
Happy,sound_746.wav
Sad,sound_770.wav
Sad,sound_435.wav
Sad,sound_1821.wav
Happy,sound_1104.wav
Sad,sound_1576.wav
Happy,sound_1848.wav
Happy,sound_1330.wav
Sad,sound_596.wav
Sad,sound_1210.wav
Happy,sound_1733.wav
Happy,sound_1430.wav
Sad,sound_1473.wav
Happy,sound_504.wav
Happy,sound_57.wav
Sad,sound_1440.wav
Happy,sound_1788.wav
Sad,sound_23.wav
Happy,sound_718.wav
Happy,sound_320.wav
Happy,sound_235.wav
Sad,sound_155.wav
Happy,sound_1366.wav
Sad,sound_492.wav
Sad,sound_438.wav
Happy,sound_1447.wav
Happy,sound_684.wav
Sad,sound_1533.wav
Happy,sound_436.wav
Sad,sound_1792.wav
Sad,sound_376.wav
Sad,sound_1040.wav
Sad,sound_1846.wav
Sad,sound_1553.wav
Sad,sound_949.wav
Sad,sound_63.wav
Sad,sound_1174.wav
Sad,sound_631.wav
Happy,sound_35.wav
Sad,sound_510.wav
Happy,sound_1758.wav
Sad,sound_78.wav
Sad,sound_902.wav
Happy,sound_1858.wav
Happy,sound_278.wav
Sad,sound_1154.wav
Happy,sound_745.wav
Happy,sound_10.wav
Sad,sound_751.wav
Happy,sound_680.wav
Sad,sound_223.wav
Happy,sound_541.wav
Sad,sound_1424.wav
Sad,sound_1793.wav
Sad,sound_1746.wav
Happy,sound_1443.wav
Happy,sound_1715.wav
Sad,sound_907.wav
Happy,sound_849.wav
Sad,sound_1627.wav
Happy,sound_675.wav
Sad,sound_838.wav
Sad,sound_263.wav
Sad,sound_1254.wav
Sad,sound_832.wav
Sad,sound_548.wav
Happy,sound_1437.wav
Sad,sound_1759.wav
Sad,sound_1123.wav
Sad,sound_1350.wav
Sad,sound_836.wav
Sad,sound_1782.wav
Happy,sound_277.wav
Sad,sound_1354.wav
Sad,sound_1312.wav
Sad,sound_1283.wav
Sad,sound_1429.wav
Happy,sound_1483.wav
Happy,sound_1582.wav
Sad,sound_1560.wav
Happy,sound_1.wav
Happy,sound_1800.wav
Sad,sound_1780.wav
Sad,sound_1803.wav
Sad,sound_1302.wav
Sad,sound_1257.wav
Sad,sound_1410.wav
Happy,sound_932.wav
Sad,sound_1032.wav
Sad,sound_775.wav
Sad,sound_958.wav
Sad,sound_1014.wav
Happy,sound_1752.wav
Happy,sound_810.wav
Sad,sound_1128.wav
Happy,sound_1578.wav
Sad,sound_131.wav
Sad,sound_1246.wav
Happy,sound_1263.wav
Happy,sound_1656.wav
Sad,sound_649.wav
Happy,sound_1497.wav
Happy,sound_1476.wav
Sad,sound_1190.wav
Happy,sound_1507.wav
Sad,sound_698.wav
Happy,sound_1213.wav
Happy,sound_298.wav
Happy,sound_1265.wav
Sad,sound_1070.wav
Happy,sound_648.wav
Sad,sound_874.wav
Sad,sound_1462.wav
Sad,sound_1163.wav
Sad,sound_27.wav
Happy,sound_1108.wav
Sad,sound_1498.wav
Sad,sound_359.wav
Happy,sound_1586.wav
Sad,sound_284.wav
Sad,sound_1532.wav
Sad,sound_1287.wav
Sad,sound_452.wav
Sad,sound_218.wav
Happy,sound_1459.wav
Sad,sound_1362.wav
Sad,sound_1185.wav
Happy,sound_257.wav
Sad,sound_1298.wav
Sad,sound_1717.wav
Sad,sound_11.wav
Happy,sound_68.wav
Happy,sound_1188.wav
Sad,sound_102.wav
Happy,sound_1750.wav
Happy,sound_1777.wav
Happy,sound_1872.wav
Happy,sound_1139.wav
Happy,sound_803.wav
Sad,sound_502.wav
Sad,sound_29.wav
Sad,sound_1701.wav
Happy,sound_22.wav
Sad,sound_516.wav
Sad,sound_1172.wav
Sad,sound_1439.wav
Happy,sound_1084.wav
Happy,sound_309.wav
Happy,sound_501.wav
Happy,sound_455.wav
Sad,sound_668.wav
Sad,sound_1863.wav
Sad,sound_683.wav
Sad,sound_1112.wav
Sad,sound_742.wav
Happy,sound_805.wav
Sad,sound_1592.wav
Happy,sound_964.wav
Sad,sound_989.wav
Happy,sound_1654.wav
Sad,sound_37.wav
Happy,sound_1534.wav
Happy,sound_1056.wav
Happy,sound_1631.wav
Sad,sound_1538.wav
Sad,sound_652.wav
Sad,sound_1031.wav
Sad,sound_1142.wav
Sad,sound_643.wav
Happy,sound_1388.wav
Happy,sound_1548.wav
Sad,sound_1146.wav
Sad,sound_1517.wav
Happy,sound_417.wav
Happy,sound_249.wav
Happy,sound_660.wav
Happy,sound_196.wav
Sad,sound_1679.wav
Sad,sound_1674.wav
Sad,sound_238.wav
Sad,sound_132.wav
Happy,sound_1047.wav
Sad,sound_1825.wav
Happy,sound_1802.wav
Happy,sound_766.wav
Happy,sound_271.wav
Sad,sound_755.wav
Happy,sound_699.wav
Sad,sound_761.wav
Sad,sound_521.wav
Sad,sound_1494.wav
Happy,sound_145.wav
Happy,sound_921.wav
Sad,sound_358.wav
Sad,sound_1042.wav
Sad,sound_1669.wav
Happy,sound_506.wav
Happy,sound_164.wav
Happy,sound_1441.wav
Happy,sound_374.wav
Happy,sound_1773.wav
Sad,sound_599.wav
Happy,sound_423.wav
Sad,sound_1314.wav
Sad,sound_1672.wav
Sad,sound_1584.wav
Sad,sound_702.wav
Sad,sound_211.wav
Happy,sound_259.wav
Happy,sound_1247.wav
Happy,sound_1272.wav
Sad,sound_1411.wav
Sad,sound_161.wav
Sad,sound_14.wav
Sad,sound_231.wav
Sad,sound_1842.wav
Sad,sound_866.wav
Sad,sound_1608.wav
Happy,sound_441.wav
Happy,sound_1175.wav
Sad,sound_356.wav
Happy,sound_1575.wav
Sad,sound_772.wav
Sad,sound_515.wav
Happy,sound_180.wav
Happy,sound_498.wav
Sad,sound_105.wav
Sad,sound_1260.wav
Sad,sound_36.wav
Happy,sound_112.wav
Sad,sound_1372.wav
Happy,sound_1725.wav
Happy,sound_583.wav
Happy,sound_1103.wav
Sad,sound_1854.wav
Happy,sound_985.wav
Sad,sound_215.wav
Sad,sound_256.wav
Sad,sound_580.wav
Happy,sound_880.wav
Sad,sound_1550.wav
Sad,sound_598.wav
Happy,sound_567.wav
Happy,sound_661.wav
Happy,sound_1143.wav
Happy,sound_1078.wav
Happy,sound_381.wav
Sad,sound_285.wav
Sad,sound_1599.wav
Happy,sound_1178.wav
Happy,sound_1336.wav
Sad,sound_1617.wav
Happy,sound_1065.wav
Happy,sound_930.wav
Happy,sound_1693.wav
Sad,sound_623.wav
Happy,sound_817.wav
Sad,sound_935.wav
Happy,sound_125.wav
Sad,sound_51.wav
Sad,sound_1828.wav
Happy,sound_1481.wav
Happy,sound_1491.wav
Sad,sound_1251.wav
Sad,sound_679.wav
Happy,sound_377.wav
Sad,sound_1683.wav
Sad,sound_94.wav
Sad,sound_669.wav
Happy,sound_998.wav
Sad,sound_633.wav
Happy,sound_1736.wav
Happy,sound_191.wav
Happy,sound_200.wav
Sad,sound_1804.wav
Sad,sound_1832.wav
Sad,sound_50.wav
Happy,sound_103.wav
Sad,sound_297.wav
Happy,sound_855.wav
Happy,sound_1244.wav
Happy,sound_1342.wav
Sad,sound_456.wav
Sad,sound_992.wav
Happy,sound_568.wav
Happy,sound_1480.wav
Sad,sound_757.wav
Sad,sound_500.wav
Sad,sound_363.wav
Happy,sound_451.wav
Sad,sound_434.wav
Sad,sound_1262.wav
Happy,sound_1075.wav
Happy,sound_1601.wav
Happy,sound_311.wav
Happy,sound_1397.wav
Happy,sound_1569.wav
Happy,sound_703.wav
Happy,sound_163.wav
Happy,sound_1232.wav
Sad,sound_1501.wav
Happy,sound_1815.wav
Happy,sound_323.wav
Happy,sound_463.wav
Happy,sound_457.wav
Happy,sound_137.wav
Sad,sound_1113.wav
Happy,sound_1864.wav
Sad,sound_316.wav
Happy,sound_678.wav
Sad,sound_1823.wav
Sad,sound_237.wav
Sad,sound_157.wav
Happy,sound_1525.wav
Sad,sound_317.wav
Happy,sound_1743.wav
Sad,sound_1226.wav
Sad,sound_222.wav
Sad,sound_963.wav
Happy,sound_1203.wav
Sad,sound_1665.wav
Sad,sound_1029.wav
Sad,sound_1131.wav
Happy,sound_1319.wav
Sad,sound_368.wav
Sad,sound_1565.wav
Happy,sound_383.wav
Sad,sound_734.wav
Sad,sound_776.wav
Sad,sound_348.wav
Happy,sound_1820.wav
Sad,sound_1515.wav
Happy,sound_453.wav
Sad,sound_1521.wav
Happy,sound_1763.wav
Happy,sound_512.wav
Happy,sound_1855.wav
Happy,sound_1448.wav
Sad,sound_1360.wav
Sad,sound_1526.wav
Sad,sound_406.wav
Sad,sound_58.wav
Sad,sound_774.wav
Happy,sound_96.wav
Sad,sound_1055.wav
Sad,sound_1067.wav
Sad,sound_1133.wav
Happy,sound_203.wav
Sad,sound_790.wav
Sad,sound_1194.wav
Sad,sound_919.wav
Sad,sound_1235.wav
Happy,sound_66.wav
Happy,sound_779.wav
Happy,sound_346.wav
Sad,sound_647.wav
Happy,sound_308.wav
Sad,sound_1751.wav
Sad,sound_952.wav
Sad,sound_792.wav
Sad,sound_681.wav
Sad,sound_295.wav
Sad,sound_1514.wav
Sad,sound_1469.wav
Happy,sound_1320.wav
Happy,sound_786.wav
Sad,sound_1754.wav
Sad,sound_242.wav
Happy,sound_1771.wav
Happy,sound_691.wav
Sad,sound_966.wav
Sad,sound_87.wav
Sad,sound_1840.wav
Sad,sound_1685.wav
Sad,sound_716.wav
Sad,sound_736.wav
Sad,sound_1791.wav
Sad,sound_1195.wav
Sad,sound_549.wav
Happy,sound_202.wav
Sad,sound_86.wav
Sad,sound_330.wav
Sad,sound_1156.wav
Sad,sound_732.wav
Sad,sound_1664.wav
Happy,sound_524.wav
Sad,sound_1344.wav
Happy,sound_1324.wav
Happy,sound_704.wav
Happy,sound_1088.wav
Happy,sound_566.wav
Happy,sound_1836.wav
Happy,sound_440.wav
Happy,sound_479.wav
Happy,sound_1224.wav
Sad,sound_1845.wav
Sad,sound_1516.wav
Happy,sound_418.wav
Sad,sound_85.wav
Sad,sound_789.wav
Sad,sound_1341.wav
Happy,sound_168.wav
Sad,sound_409.wav
Sad,sound_369.wav
Sad,sound_305.wav
Sad,sound_984.wav
Sad,sound_1461.wav
Happy,sound_1453.wav
Happy,sound_947.wav
Happy,sound_199.wav
Sad,sound_1696.wav
Sad,sound_1690.wav
Sad,sound_986.wav
Sad,sound_1449.wav
Happy,sound_83.wav
Sad,sound_1234.wav
Sad,sound_1082.wav
Sad,sound_1261.wav
Sad,sound_107.wav
Happy,sound_1396.wav
Sad,sound_741.wav
Sad,sound_345.wav
Sad,sound_896.wav
Happy,sound_389.wav
Happy,sound_725.wav
Happy,sound_1158.wav
Happy,sound_1001.wav
Sad,sound_32.wav
Sad,sound_1624.wav
Sad,sound_763.wav
Happy,sound_1812.wav
Happy,sound_209.wav
Happy,sound_812.wav
Happy,sound_1049.wav
Sad,sound_743.wav
Sad,sound_1097.wav
Happy,sound_1046.wav
Happy,sound_179.wav
Sad,sound_1625.wav
Sad,sound_411.wav
Sad,sound_1343.wav
Happy,sound_1749.wav
Sad,sound_665.wav
Happy,sound_503.wav
Happy,sound_5.wav
Sad,sound_1463.wav
Sad,sound_1249.wav
Sad,sound_747.wav
Sad,sound_1827.wav
Happy,sound_709.wav
Sad,sound_1484.wav
Sad,sound_1730.wav
Sad,sound_172.wav
Happy,sound_1661.wav
Sad,sound_1351.wav
Happy,sound_635.wav
Happy,sound_1267.wav
Happy,sound_1386.wav
Sad,sound_1713.wav
Sad,sound_719.wav
Sad,sound_1542.wav
Sad,sound_1069.wav
Happy,sound_197.wav
Happy,sound_437.wav
Sad,sound_1860.wav
Happy,sound_616.wav
Happy,sound_151.wav
Sad,sound_307.wav
Sad,sound_205.wav
Sad,sound_499.wav
Happy,sound_293.wav
Sad,sound_95.wav
Sad,sound_1333.wav
Sad,sound_924.wav
Sad,sound_576.wav
Happy,sound_1602.wav
Happy,sound_291.wav
Happy,sound_918.wav
Sad,sound_1630.wav
Sad,sound_811.wav
Sad,sound_101.wav
Sad,sound_1294.wav
Sad,sound_1191.wav
Sad,sound_980.wav
Sad,sound_1442.wav
Sad,sound_1297.wav
Happy,sound_1259.wav
Happy,sound_40.wav
Sad,sound_1775.wav
Happy,sound_671.wav
Sad,sound_1077.wav
Sad,sound_124.wav
Sad,sound_910.wav
Happy,sound_1496.wav
Sad,sound_987.wav
Happy,sound_856.wav
Sad,sound_651.wav
Sad,sound_227.wav
Sad,sound_454.wav
Sad,sound_537.wav
Sad,sound_118.wav
Sad,sound_787.wav
Happy,sound_201.wav
Sad,sound_717.wav
Sad,sound_582.wav
Happy,sound_1094.wav
Sad,sound_467.wav
Happy,sound_912.wav
Sad,sound_493.wav
Sad,sound_1204.wav
Sad,sound_1367.wav
Happy,sound_1684.wav
Sad,sound_1145.wav
Happy,sound_1719.wav
Sad,sound_1186.wav
Happy,sound_887.wav
Happy,sound_1217.wav
Happy,sound_1770.wav
Sad,sound_1695.wav
Happy,sound_9.wav
Happy,sound_1419.wav
Sad,sound_1421.wav
Happy,sound_1162.wav
Happy,sound_340.wav
Happy,sound_1765.wav
Sad,sound_246.wav
Happy,sound_1645.wav
Sad,sound_1159.wav
Sad,sound_439.wav
Happy,sound_967.wav
Sad,sound_1180.wav
Happy,sound_585.wav
Sad,sound_410.wav
Sad,sound_324.wav
Happy,sound_254.wav
Happy,sound_487.wav
Sad,sound_1348.wav
Sad,sound_1149.wav
Sad,sound_782.wav
Sad,sound_1256.wav
Sad,sound_1639.wav
Happy,sound_262.wav
Sad,sound_851.wav
Sad,sound_1702.wav
Happy,sound_1670.wav
Happy,sound_595.wav
Happy,sound_1290.wav
Happy,sound_664.wav
Happy,sound_59.wav
Happy,sound_1632.wav
Happy,sound_1305.wav
Sad,sound_621.wav
Sad,sound_558.wav
Sad,sound_1644.wav
Happy,sound_659.wav
Happy,sound_658.wav
Happy,sound_1714.wav
Happy,sound_1009.wav
Sad,sound_852.wav
Sad,sound_258.wav
Happy,sound_1200.wav
Sad,sound_1271.wav
Happy,sound_1796.wav
Sad,sound_392.wav
Happy,sound_265.wav
Sad,sound_133.wav
Happy,sound_900.wav
Sad,sound_1698.wav
Happy,sound_1318.wav
Sad,sound_839.wav
Sad,sound_1700.wav
Happy,sound_1335.wav
Happy,sound_1074.wav
Happy,sound_1647.wav
Happy,sound_1745.wav
Happy,sound_1306.wav
Sad,sound_609.wav
Sad,sound_833.wav
Sad,sound_1310.wav
Sad,sound_1556.wav
Sad,sound_1663.wav
Sad,sound_56.wav
Happy,sound_1135.wav
Happy,sound_771.wav
Happy,sound_574.wav
Happy,sound_294.wav
Sad,sound_1723.wav
Happy,sound_1189.wav
Sad,sound_26.wav
Happy,sound_863.wav
Happy,sound_1806.wav
Happy,sound_622.wav
Happy,sound_1008.wav
Happy,sound_1036.wav
Happy,sound_48.wav
Sad,sound_186.wav
Sad,sound_279.wav
Happy,sound_1839.wav
Happy,sound_395.wav
Happy,sound_2.wav
Sad,sound_877.wav
Happy,sound_1528.wav
Sad,sound_1732.wav
Sad,sound_1096.wav
Happy,sound_1083.wav
Happy,sound_1612.wav
Sad,sound_1381.wav
Sad,sound_943.wav
Happy,sound_996.wav
Sad,sound_388.wav
Happy,sound_946.wav
Happy,sound_336.wav
Happy,sound_781.wav
Sad,sound_1609.wav
Sad,sound_1831.wav
Sad,sound_178.wav
Happy,sound_934.wav
Happy,sound_444.wav
Sad,sound_1024.wav
Sad,sound_1710.wav
Sad,sound_1841.wav
Sad,sound_1436.wav
Happy,sound_862.wav
Sad,sound_1544.wav
Sad,sound_1060.wav
Happy,sound_1652.wav
Sad,sound_721.wav
Happy,sound_923.wav
Sad,sound_416.wav
Sad,sound_65.wav
Happy,sound_165.wav
Happy,sound_1445.wav
Happy,sound_744.wav
Sad,sound_1196.wav
Happy,sound_266.wav
Sad,sound_861.wav
Sad,sound_560.wav
Sad,sound_1703.wav
Sad,sound_466.wav
Sad,sound_426.wav
Happy,sound_1728.wav
Sad,sound_640.wav
Sad,sound_954.wav
Happy,sound_730.wav
Sad,sound_945.wav
Happy,sound_90.wav
Sad,sound_645.wav
Happy,sound_471.wav
Sad,sound_518.wav
Sad,sound_1518.wav
Sad,sound_1229.wav
Happy,sound_756.wav
Happy,sound_1577.wav
Sad,sound_1166.wav
Happy,sound_513.wav
Sad,sound_46.wav
Happy,sound_402.wav
Sad,sound_1315.wav
Happy,sound_827.wav
Sad,sound_641.wav
Sad,sound_1634.wav
Happy,sound_1455.wav
Sad,sound_662.wav
Sad,sound_475.wav
Sad,sound_405.wav
Sad,sound_1711.wav
Sad,sound_740.wav
Sad,sound_71.wav
Sad,sound_962.wav
Happy,sound_528.wav
Happy,sound_1301.wav
Sad,sound_1127.wav
Sad,sound_1490.wav
Happy,sound_397.wav
Happy,sound_562.wav
Sad,sound_1742.wav
Sad,sound_1152.wav
Happy,sound_1406.wav
Happy,sound_552.wav
Sad,sound_605.wav
Happy,sound_84.wav
Sad,sound_375.wav
Sad,sound_612.wav
Happy,sound_206.wav
Happy,sound_1633.wav
Sad,sound_1331.wav
Sad,sound_619.wav
Sad,sound_969.wav
Sad,sound_1726.wav
Sad,sound_1687.wav
Sad,sound_1523.wav
Happy,sound_617.wav
Sad,sound_332.wav
Happy,sound_1708.wav
Happy,sound_154.wav
Sad,sound_264.wav
Happy,sound_465.wav
Sad,sound_942.wav
Sad,sound_204.wav
Happy,sound_550.wav
Sad,sound_1712.wav
Sad,sound_1223.wav
Sad,sound_1772.wav
Happy,sound_713.wav
Happy,sound_714.wav
Happy,sound_830.wav
Happy,sound_1567.wav
Happy,sound_1171.wav
Happy,sound_1543.wav
Happy,sound_988.wav
Happy,sound_67.wav
Sad,sound_1503.wav
Sad,sound_1289.wav
Sad,sound_1591.wav
Happy,sound_177.wav
Sad,sound_287.wav
Sad,sound_75.wav
Sad,sound_1147.wav
Sad,sound_971.wav
Happy,sound_1781.wav
Sad,sound_729.wav
Happy,sound_126.wav
Sad,sound_233.wav
Sad,sound_1038.wav
Sad,sound_1427.wav
Sad,sound_1651.wav
Sad,sound_334.wav
Sad,sound_588.wav
